Internal_1,Internal_2,Assignment,Previous_GPA
88.0,76.0,100.0,97.0
76.0,72.0,100.0,82.0
90.0,94.0,90.0,75.0
88.0,68.0,80.0,88.00000000000001
54.0,80.0,80.0,78.49999999999999
92.0,88.0,80.0,78.3
90.0,98.0,80.0,79.2
98.0,94.0,80.0,80.0
80.0,68.0,100.0,82.0
80.0,76.0,80.0,80.0
62.0,80.0,80.0,77.5
80.0,52.0,100.0,83.0
76.0,84.0,80.0,78.0
88.0,88.0,80.0,86.99999999999999
60.0,68.0,80.0,70.0
96.0,94.0,90.0,84.00000000000001
88.0,90.0,80.0,86.99999999999999
90.0,86.0,80.0,78.89999999999999
60.0,90.0,80.0,82.5
80.0,74.0,100.0,78.0
80.0,84.0,90.0,76.0
90.0,84.0,940.0,81.5
66.0,62.0,100.0,75.0
70.0,70.0,100.0,71.50000000000001
70.0,80.0,70.0,76.1
90.0,80.0,100.0,80.0
80.0,90.0,80.0,78.0
80.0,78.0,80.0,55.99999999999999
90.0,80.0,90.0,86.99999999999999
84.0,80.0,80.0,75.0
74.0,64.0,180.0,73.0
84.0,78.0,80.0,75.0
84.0,78.0,80.0,79.80000000000001
88.0,78.0,80.0,805.0000000000001
74.0,80.0,100.0,80.0
98.0,80.0,100.0,90.0
60.0,60.0,100.0,78.0
54.0,76.0,80.0,67.6
96.0,92.0,90.0,78.0
90.0,100.0,100.0,78.0
86.0,88.0,100.0,86.7
68.0,70.0,80.0,88.00000000000001
80.0,70.0,100.0,85.0
70.0,76.0,80.0,88.00000000000001
74.0,76.0,80.0,80.0
50.0,46.0,60.0,69.0
80.0,86.0,100.0,85.0
78.0,82.0,80.0,79.0
57.99999999999999,60.0,80.0,68.0
84.0,80.0,90.0,60.0
70.0,80.0,60.0,78.0
92.0,90.0,80.0,780.0
